Valasztas,MAZ,TAZ,Telepules,TEVK,Jelolt,Szavazat
Fopolgarmester,01,001,Budapest 01. kerület,01,Grundtner,0
Fopolgarmester,01,001,Budapest 01. kerület,01,Vitezy,0
Fopolgarmester,01,001,Budapest 01. kerület,01,Szentkiralyi,0
Fopolgarmester,01,001,Budapest 01. kerület,01,Karacsony,0
Fopolgarmester,01,001,Budapest 01. kerület,02,Grundtner,0
Fopolgarmester,01,001,Budapest 01. kerület,02,Vitezy,0
Fopolgarmester,01,001,Budapest 01. kerület,02,Szentkiralyi,0
Fopolgarmester,01,001,Budapest 01. kerület,02,Karacsony,0
Fopolgarmester,01,001,Budapest 01. kerület,03,Grundtner,0
Fopolgarmester,01,001,Budapest 01. kerület,03,Vitezy,0
Fopolgarmester,01,001,Budapest 01. kerület,03,Szentkiralyi,0
Fopolgarmester,01,001,Budapest 01. kerület,03,Karacsony,0
Fopolgarmester,01,001,Budapest 01. kerület,04,Grundtner,0
Fopolgarmester,01,001,Budapest 01. kerület,04,Vitezy,0
Fopolgarmester,01,001,Budapest 01. kerület,04,Szentkiralyi,0
Fopolgarmester,01,001,Budapest 01. kerület,04,Karacsony,0
Fopolgarmester,01,001,Budapest 01. kerület,05,Grundtner,0
Fopolgarmester,01,001,Budapest 01. kerület,05,Vitezy,0
Fopolgarmester,01,001,Budapest 01. kerület,05,Szentkiralyi,0
Fopolgarmester,01,001,Budapest 01. kerület,05,Karacsony,0
Fopolgarmester,01,001,Budapest 01. kerület,06,Grundtner,0
Fopolgarmester,01,001,Budapest 01. kerület,06,Vitezy,0
Fopolgarmester,01,001,Budapest 01. kerület,06,Szentkiralyi,0
Fopolgarmester,01,001,Budapest 01. kerület,06,Karacsony,0
Fopolgarmester,01,001,Budapest 01. kerület,07,Grundtner,0
Fopolgarmester,01,001,Budapest 01. kerület,07,Vitezy,0
Fopolgarmester,01,001,Budapest 01. kerület,07,Szentkiralyi,0
Fopolgarmester,01,001,Budapest 01. kerület,07,Karacsony,0
Fopolgarmester,01,001,Budapest 01. kerület,08,Grundtner,0
Fopolgarmester,01,001,Budapest 01. kerület,08,Vitezy,0
Fopolgarmester,01,001,Budapest 01. kerület,08,Szentkiralyi,0
Fopolgarmester,01,001,Budapest 01. kerület,08,Karacsony,0
Fopolgarmester,01,002,Budapest 02. kerület,01,Grundtner,0
Fopolgarmester,01,002,Budapest 02. kerület,01,Vitezy,0
Fopolgarmester,01,002,Budapest 02. kerület,01,Szentkiralyi,0
Fopolgarmester,01,002,Budapest 02. kerület,01,Karacsony,0
Fopolgarmester,01,002,Budapest 02. kerület,02,Grundtner,0
Fopolgarmester,01,002,Budapest 02. kerület,02,Vitezy,0
Fopolgarmester,01,002,Budapest 02. kerület,02,Szentkiralyi,0
Fopolgarmester,01,002,Budapest 02. kerület,02,Karacsony,0
Fopolgarmester,01,002,Budapest 02. kerület,03,Grundtner,0
Fopolgarmester,01,002,Budapest 02. kerület,03,Vitezy,0
Fopolgarmester,01,002,Budapest 02. kerület,03,Szentkiralyi,0
Fopolgarmester,01,002,Budapest 02. kerület,03,Karacsony,0
Fopolgarmester,01,002,Budapest 02. kerület,04,Grundtner,0
Fopolgarmester,01,002,Budapest 02. kerület,04,Vitezy,0
Fopolgarmester,01,002,Budapest 02. kerület,04,Szentkiralyi,0
Fopolgarmester,01,002,Budapest 02. kerület,04,Karacsony,0
Fopolgarmester,01,002,Budapest 02. kerület,05,Grundtner,0
Fopolgarmester,01,002,Budapest 02. kerület,05,Vitezy,0
Fopolgarmester,01,002,Budapest 02. kerület,05,Szentkiralyi,0
Fopolgarmester,01,002,Budapest 02. kerület,05,Karacsony,0
Fopolgarmester,01,002,Budapest 02. kerület,06,Grundtner,0
Fopolgarmester,01,002,Budapest 02. kerület,06,Vitezy,0
Fopolgarmester,01,002,Budapest 02. kerület,06,Szentkiralyi,0
Fopolgarmester,01,002,Budapest 02. kerület,06,Karacsony,0
Fopolgarmester,01,002,Budapest 02. kerület,07,Grundtner,0
Fopolgarmester,01,002,Budapest 02. kerület,07,Vitezy,0
Fopolgarmester,01,002,Budapest 02. kerület,07,Szentkiralyi,0
Fopolgarmester,01,002,Budapest 02. kerület,07,Karacsony,0
Fopolgarmester,01,002,Budapest 02. kerület,08,Grundtner,0
Fopolgarmester,01,002,Budapest 02. kerület,08,Vitezy,0
Fopolgarmester,01,002,Budapest 02. kerület,08,Szentkiralyi,0
Fopolgarmester,01,002,Budapest 02. kerület,08,Karacsony,0
Fopolgarmester,01,002,Budapest 02. kerület,09,Grundtner,0
Fopolgarmester,01,002,Budapest 02. kerület,09,Vitezy,0
Fopolgarmester,01,002,Budapest 02. kerület,09,Szentkiralyi,0
Fopolgarmester,01,002,Budapest 02. kerület,09,Karacsony,0
Fopolgarmester,01,002,Budapest 02. kerület,10,Grundtner,0
Fopolgarmester,01,002,Budapest 02. kerület,10,Vitezy,0
Fopolgarmester,01,002,Budapest 02. kerület,10,Szentkiralyi,0
Fopolgarmester,01,002,Budapest 02. kerület,10,Karacsony,0
Fopolgarmester,01,002,Budapest 02. kerület,11,Grundtner,0
Fopolgarmester,01,002,Budapest 02. kerület,11,Vitezy,0
Fopolgarmester,01,002,Budapest 02. kerület,11,Szentkiralyi,0
Fopolgarmester,01,002,Budapest 02. kerület,11,Karacsony,0
Fopolgarmester,01,002,Budapest 02. kerület,12,Grundtner,0
Fopolgarmester,01,002,Budapest 02. kerület,12,Vitezy,0
Fopolgarmester,01,002,Budapest 02. kerület,12,Szentkiralyi,0
Fopolgarmester,01,002,Budapest 02. kerület,12,Karacsony,0
Fopolgarmester,01,002,Budapest 02. kerület,13,Grundtner,0
Fopolgarmester,01,002,Budapest 02. kerület,13,Vitezy,0
Fopolgarmester,01,002,Budapest 02. kerület,13,Szentkiralyi,0
Fopolgarmester,01,002,Budapest 02. kerület,13,Karacsony,0
Fopolgarmester,01,002,Budapest 02. kerület,14,Vitezy,294
Fopolgarmester,01,002,Budapest 02. kerület,14,Karacsony,293
Fopolgarmester,01,002,Budapest 02. kerület,14,Grundtner,20
Fopolgarmester,01,002,Budapest 02. kerület,14,Szentkiralyi,0
Fopolgarmester,01,003,Budapest 03. kerület,01,Karacsony,273
Fopolgarmester,01,003,Budapest 03. kerület,01,Vitezy,254
Fopolgarmester,01,003,Budapest 03. kerület,01,Grundtner,24
Fopolgarmester,01,003,Budapest 03. kerület,01,Szentkiralyi,0
Fopolgarmester,01,003,Budapest 03. kerület,02,Vitezy,791
Fopolgarmester,01,003,Budapest 03. kerület,02,Karacsony,693
Fopolgarmester,01,003,Budapest 03. kerület,02,Grundtner,60
Fopolgarmester,01,003,Budapest 03. kerület,02,Szentkiralyi,0
Fopolgarmester,01,003,Budapest 03. kerület,03,Karacsony,1077
Fopolgarmester,01,003,Budapest 03. kerület,03,Vitezy,1064
Fopolgarmester,01,003,Budapest 03. kerület,03,Grundtner,110
Fopolgarmester,01,003,Budapest 03. kerület,03,Szentkiralyi,0
Fopolgarmester,01,003,Budapest 03. kerület,04,Grundtner,0
Fopolgarmester,01,003,Budapest 03. kerület,04,Vitezy,0
Fopolgarmester,01,003,Budapest 03. kerület,04,Szentkiralyi,0
Fopolgarmester,01,003,Budapest 03. kerület,04,Karacsony,0
Fopolgarmester,01,003,Budapest 03. kerület,05,Karacsony,449
Fopolgarmester,01,003,Budapest 03. kerület,05,Vitezy,405
Fopolgarmester,01,003,Budapest 03. kerület,05,Grundtner,58
Fopolgarmester,01,003,Budapest 03. kerület,05,Szentkiralyi,0
Fopolgarmester,01,003,Budapest 03. kerület,06,Grundtner,0
Fopolgarmester,01,003,Budapest 03. kerület,06,Vitezy,0
Fopolgarmester,01,003,Budapest 03. kerület,06,Szentkiralyi,0
Fopolgarmester,01,003,Budapest 03. kerület,06,Karacsony,0
Fopolgarmester,01,003,Budapest 03. kerület,07,Grundtner,0
Fopolgarmester,01,003,Budapest 03. kerület,07,Vitezy,0
Fopolgarmester,01,003,Budapest 03. kerület,07,Szentkiralyi,0
Fopolgarmester,01,003,Budapest 03. kerület,07,Karacsony,0
Fopolgarmester,01,003,Budapest 03. kerület,08,Grundtner,0
Fopolgarmester,01,003,Budapest 03. kerület,08,Vitezy,0
Fopolgarmester,01,003,Budapest 03. kerület,08,Szentkiralyi,0
Fopolgarmester,01,003,Budapest 03. kerület,08,Karacsony,0
Fopolgarmester,01,003,Budapest 03. kerület,09,Grundtner,0
Fopolgarmester,01,003,Budapest 03. kerület,09,Vitezy,0
Fopolgarmester,01,003,Budapest 03. kerület,09,Szentkiralyi,0
Fopolgarmester,01,003,Budapest 03. kerület,09,Karacsony,0
Fopolgarmester,01,003,Budapest 03. kerület,10,Karacsony,944
Fopolgarmester,01,003,Budapest 03. kerület,10,Vitezy,743
Fopolgarmester,01,003,Budapest 03. kerület,10,Grundtner,72
Fopolgarmester,01,003,Budapest 03. kerület,10,Szentkiralyi,0
Fopolgarmester,01,003,Budapest 03. kerület,11,Karacsony,323
Fopolgarmester,01,003,Budapest 03. kerület,11,Vitezy,317
Fopolgarmester,01,003,Budapest 03. kerület,11,Grundtner,27
Fopolgarmester,01,003,Budapest 03. kerület,11,Szentkiralyi,0
Fopolgarmester,01,003,Budapest 03. kerület,12,Vitezy,245
Fopolgarmester,01,003,Budapest 03. kerület,12,Karacsony,235
Fopolgarmester,01,003,Budapest 03. kerület,12,Grundtner,26
Fopolgarmester,01,003,Budapest 03. kerület,12,Szentkiralyi,0
Fopolgarmester,01,003,Budapest 03. kerület,13,Vitezy,450
Fopolgarmester,01,003,Budapest 03. kerület,13,Karacsony,399
Fopolgarmester,01,003,Budapest 03. kerület,13,Grundtner,75
Fopolgarmester,01,003,Budapest 03. kerület,13,Szentkiralyi,0
Fopolgarmester,01,003,Budapest 03. kerület,14,Vitezy,437
Fopolgarmester,01,003,Budapest 03. kerület,14,Karacsony,407
Fopolgarmester,01,003,Budapest 03. kerület,14,Grundtner,46
Fopolgarmester,01,003,Budapest 03. kerület,14,Szentkiralyi,0
Fopolgarmester,01,003,Budapest 03. kerület,15,Grundtner,0
Fopolgarmester,01,003,Budapest 03. kerület,15,Vitezy,0
Fopolgarmester,01,003,Budapest 03. kerület,15,Szentkiralyi,0
Fopolgarmester,01,003,Budapest 03. kerület,15,Karacsony,0
Fopolgarmester,01,003,Budapest 03. kerület,16,Vitezy,176
Fopolgarmester,01,003,Budapest 03. kerület,16,Karacsony,148
Fopolgarmester,01,003,Budapest 03. kerület,16,Grundtner,31
Fopolgarmester,01,003,Budapest 03. kerület,16,Szentkiralyi,0
Fopolgarmester,01,004,Budapest 04. kerület,01,Karacsony,404
Fopolgarmester,01,004,Budapest 04. kerület,01,Vitezy,299
Fopolgarmester,01,004,Budapest 04. kerület,01,Grundtner,32
Fopolgarmester,01,004,Budapest 04. kerület,01,Szentkiralyi,0
Fopolgarmester,01,004,Budapest 04. kerület,02,Grundtner,0
Fopolgarmester,01,004,Budapest 04. kerület,02,Vitezy,0
Fopolgarmester,01,004,Budapest 04. kerület,02,Szentkiralyi,0
Fopolgarmester,01,004,Budapest 04. kerület,02,Karacsony,0
Fopolgarmester,01,004,Budapest 04. kerület,03,Grundtner,0
Fopolgarmester,01,004,Budapest 04. kerület,03,Vitezy,0
Fopolgarmester,01,004,Budapest 04. kerület,03,Szentkiralyi,0
Fopolgarmester,01,004,Budapest 04. kerület,03,Karacsony,0
Fopolgarmester,01,004,Budapest 04. kerület,04,Grundtner,0
Fopolgarmester,01,004,Budapest 04. kerület,04,Vitezy,0
Fopolgarmester,01,004,Budapest 04. kerület,04,Szentkiralyi,0
Fopolgarmester,01,004,Budapest 04. kerület,04,Karacsony,0
Fopolgarmester,01,004,Budapest 04. kerület,05,Grundtner,0
Fopolgarmester,01,004,Budapest 04. kerület,05,Vitezy,0
Fopolgarmester,01,004,Budapest 04. kerület,05,Szentkiralyi,0
Fopolgarmester,01,004,Budapest 04. kerület,05,Karacsony,0
Fopolgarmester,01,004,Budapest 04. kerület,06,Vitezy,323
Fopolgarmester,01,004,Budapest 04. kerület,06,Karacsony,262
Fopolgarmester,01,004,Budapest 04. kerület,06,Grundtner,45
Fopolgarmester,01,004,Budapest 04. kerület,06,Szentkiralyi,0
Fopolgarmester,01,004,Budapest 04. kerület,07,Vitezy,223
Fopolgarmester,01,004,Budapest 04. kerület,07,Karacsony,174
Fopolgarmester,01,004,Budapest 04. kerület,07,Grundtner,31
Fopolgarmester,01,004,Budapest 04. kerület,07,Szentkiralyi,0
Fopolgarmester,01,004,Budapest 04. kerület,08,Karacsony,622
Fopolgarmester,01,004,Budapest 04. kerület,08,Vitezy,545
Fopolgarmester,01,004,Budapest 04. kerület,08,Grundtner,66
Fopolgarmester,01,004,Budapest 04. kerület,08,Szentkiralyi,0
Fopolgarmester,01,004,Budapest 04. kerület,09,Vitezy,279
Fopolgarmester,01,004,Budapest 04. kerület,09,Karacsony,190
Fopolgarmester,01,004,Budapest 04. kerület,09,Grundtner,26
Fopolgarmester,01,004,Budapest 04. kerület,09,Szentkiralyi,0
Fopolgarmester,01,004,Budapest 04. kerület,10,Grundtner,0
Fopolgarmester,01,004,Budapest 04. kerület,10,Vitezy,0
Fopolgarmester,01,004,Budapest 04. kerület,10,Szentkiralyi,0
Fopolgarmester,01,004,Budapest 04. kerület,10,Karacsony,0
Fopolgarmester,01,004,Budapest 04. kerület,11,Grundtner,0
Fopolgarmester,01,004,Budapest 04. kerület,11,Vitezy,0
Fopolgarmester,01,004,Budapest 04. kerület,11,Szentkiralyi,0
Fopolgarmester,01,004,Budapest 04. kerület,11,Karacsony,0
Fopolgarmester,01,004,Budapest 04. kerület,12,Grundtner,0
Fopolgarmester,01,004,Budapest 04. kerület,12,Vitezy,0
Fopolgarmester,01,004,Budapest 04. kerület,12,Szentkiralyi,0
Fopolgarmester,01,004,Budapest 04. kerület,12,Karacsony,0
Fopolgarmester,01,004,Budapest 04. kerület,13,Grundtner,0
Fopolgarmester,01,004,Budapest 04. kerület,13,Vitezy,0
Fopolgarmester,01,004,Budapest 04. kerület,13,Szentkiralyi,0
Fopolgarmester,01,004,Budapest 04. kerület,13,Karacsony,0
Fopolgarmester,01,004,Budapest 04. kerület,14,Karacsony,285
Fopolgarmester,01,004,Budapest 04. kerület,14,Vitezy,272
Fopolgarmester,01,004,Budapest 04. kerület,14,Grundtner,24
Fopolgarmester,01,004,Budapest 04. kerület,14,Szentkiralyi,0
Fopolgarmester,01,005,Budapest 05. kerület,01,Grundtner,0
Fopolgarmester,01,005,Budapest 05. kerület,01,Vitezy,0
Fopolgarmester,01,005,Budapest 05. kerület,01,Szentkiralyi,0
Fopolgarmester,01,005,Budapest 05. kerület,01,Karacsony,0
Fopolgarmester,01,005,Budapest 05. kerület,02,Grundtner,0
Fopolgarmester,01,005,Budapest 05. kerület,02,Vitezy,0
Fopolgarmester,01,005,Budapest 05. kerület,02,Szentkiralyi,0
Fopolgarmester,01,005,Budapest 05. kerület,02,Karacsony,0
Fopolgarmester,01,005,Budapest 05. kerület,03,Vitezy,306
Fopolgarmester,01,005,Budapest 05. kerület,03,Karacsony,274
Fopolgarmester,01,005,Budapest 05. kerület,03,Grundtner,24
Fopolgarmester,01,005,Budapest 05. kerület,03,Szentkiralyi,0
Fopolgarmester,01,005,Budapest 05. kerület,04,Grundtner,0
Fopolgarmester,01,005,Budapest 05. kerület,04,Vitezy,0
Fopolgarmester,01,005,Budapest 05. kerület,04,Szentkiralyi,0
Fopolgarmester,01,005,Budapest 05. kerület,04,Karacsony,0
Fopolgarmester,01,005,Budapest 05. kerület,05,Grundtner,0
Fopolgarmester,01,005,Budapest 05. kerület,05,Vitezy,0
Fopolgarmester,01,005,Budapest 05. kerület,05,Szentkiralyi,0
Fopolgarmester,01,005,Budapest 05. kerület,05,Karacsony,0
Fopolgarmester,01,005,Budapest 05. kerület,06,Grundtner,0
Fopolgarmester,01,005,Budapest 05. kerület,06,Vitezy,0
Fopolgarmester,01,005,Budapest 05. kerület,06,Szentkiralyi,0
Fopolgarmester,01,005,Budapest 05. kerület,06,Karacsony,0
Fopolgarmester,01,005,Budapest 05. kerület,07,Grundtner,0
Fopolgarmester,01,005,Budapest 05. kerület,07,Vitezy,0
Fopolgarmester,01,005,Budapest 05. kerület,07,Szentkiralyi,0
Fopolgarmester,01,005,Budapest 05. kerület,07,Karacsony,0
Fopolgarmester,01,005,Budapest 05. kerület,08,Vitezy,685
Fopolgarmester,01,005,Budapest 05. kerület,08,Karacsony,595
Fopolgarmester,01,005,Budapest 05. kerület,08,Grundtner,60
Fopolgarmester,01,005,Budapest 05. kerület,08,Szentkiralyi,0
Fopolgarmester,01,006,Budapest 06. kerület,01,Karacsony,342
Fopolgarmester,01,006,Budapest 06. kerület,01,Vitezy,307
Fopolgarmester,01,006,Budapest 06. kerület,01,Grundtner,26
Fopolgarmester,01,006,Budapest 06. kerület,01,Szentkiralyi,0
Fopolgarmester,01,006,Budapest 06. kerület,02,Karacsony,215
Fopolgarmester,01,006,Budapest 06. kerület,02,Vitezy,192
Fopolgarmester,01,006,Budapest 06. kerület,02,Grundtner,18
Fopolgarmester,01,006,Budapest 06. kerület,02,Szentkiralyi,0
Fopolgarmester,01,006,Budapest 06. kerület,03,Grundtner,0
Fopolgarmester,01,006,Budapest 06. kerület,03,Vitezy,0
Fopolgarmester,01,006,Budapest 06. kerület,03,Szentkiralyi,0
Fopolgarmester,01,006,Budapest 06. kerület,03,Karacsony,0
Fopolgarmester,01,006,Budapest 06. kerület,04,Grundtner,0
Fopolgarmester,01,006,Budapest 06. kerület,04,Vitezy,0
Fopolgarmester,01,006,Budapest 06. kerület,04,Szentkiralyi,0
Fopolgarmester,01,006,Budapest 06. kerület,04,Karacsony,0
Fopolgarmester,01,006,Budapest 06. kerület,05,Grundtner,0
Fopolgarmester,01,006,Budapest 06. kerület,05,Vitezy,0
Fopolgarmester,01,006,Budapest 06. kerület,05,Szentkiralyi,0
Fopolgarmester,01,006,Budapest 06. kerület,05,Karacsony,0
Fopolgarmester,01,006,Budapest 06. kerület,06,Grundtner,0
Fopolgarmester,01,006,Budapest 06. kerület,06,Vitezy,0
Fopolgarmester,01,006,Budapest 06. kerület,06,Szentkiralyi,0
Fopolgarmester,01,006,Budapest 06. kerület,06,Karacsony,0
Fopolgarmester,01,006,Budapest 06. kerület,07,Karacsony,244
Fopolgarmester,01,006,Budapest 06. kerület,07,Vitezy,200
Fopolgarmester,01,006,Budapest 06. kerület,07,Grundtner,13
Fopolgarmester,01,006,Budapest 06. kerület,07,Szentkiralyi,0
Fopolgarmester,01,006,Budapest 06. kerület,08,Grundtner,0
Fopolgarmester,01,006,Budapest 06. kerület,08,Vitezy,0
Fopolgarmester,01,006,Budapest 06. kerület,08,Szentkiralyi,0
Fopolgarmester,01,006,Budapest 06. kerület,08,Karacsony,0
Fopolgarmester,01,006,Budapest 06. kerület,09,Grundtner,0
Fopolgarmester,01,006,Budapest 06. kerület,09,Vitezy,0
Fopolgarmester,01,006,Budapest 06. kerület,09,Szentkiralyi,0
Fopolgarmester,01,006,Budapest 06. kerület,09,Karacsony,0
Fopolgarmester,01,006,Budapest 06. kerület,10,Grundtner,0
Fopolgarmester,01,006,Budapest 06. kerület,10,Vitezy,0
Fopolgarmester,01,006,Budapest 06. kerület,10,Szentkiralyi,0
Fopolgarmester,01,006,Budapest 06. kerület,10,Karacsony,0
Fopolgarmester,01,007,Budapest 07. kerület,01,Grundtner,0
Fopolgarmester,01,007,Budapest 07. kerület,01,Vitezy,0
Fopolgarmester,01,007,Budapest 07. kerület,01,Szentkiralyi,0
Fopolgarmester,01,007,Budapest 07. kerület,01,Karacsony,0
Fopolgarmester,01,007,Budapest 07. kerület,02,Karacsony,102
Fopolgarmester,01,007,Budapest 07. kerület,02,Vitezy,95
Fopolgarmester,01,007,Budapest 07. kerület,02,Grundtner,16
Fopolgarmester,01,007,Budapest 07. kerület,02,Szentkiralyi,0
Fopolgarmester,01,007,Budapest 07. kerület,03,Grundtner,0
Fopolgarmester,01,007,Budapest 07. kerület,03,Vitezy,0
Fopolgarmester,01,007,Budapest 07. kerület,03,Szentkiralyi,0
Fopolgarmester,01,007,Budapest 07. kerület,03,Karacsony,0
Fopolgarmester,01,007,Budapest 07. kerület,04,Grundtner,0
Fopolgarmester,01,007,Budapest 07. kerület,04,Vitezy,0
Fopolgarmester,01,007,Budapest 07. kerület,04,Szentkiralyi,0
Fopolgarmester,01,007,Budapest 07. kerület,04,Karacsony,0
Fopolgarmester,01,007,Budapest 07. kerület,05,Karacsony,396
Fopolgarmester,01,007,Budapest 07. kerület,05,Vitezy,361
Fopolgarmester,01,007,Budapest 07. kerület,05,Grundtner,31
Fopolgarmester,01,007,Budapest 07. kerület,05,Szentkiralyi,0
Fopolgarmester,01,007,Budapest 07. kerület,06,Grundtner,0
Fopolgarmester,01,007,Budapest 07. kerület,06,Vitezy,0
Fopolgarmester,01,007,Budapest 07. kerület,06,Szentkiralyi,0
Fopolgarmester,01,007,Budapest 07. kerület,06,Karacsony,0
Fopolgarmester,01,007,Budapest 07. kerület,07,Grundtner,0
Fopolgarmester,01,007,Budapest 07. kerület,07,Vitezy,0
Fopolgarmester,01,007,Budapest 07. kerület,07,Szentkiralyi,0
Fopolgarmester,01,007,Budapest 07. kerület,07,Karacsony,0
Fopolgarmester,01,007,Budapest 07. kerület,08,Grundtner,0
Fopolgarmester,01,007,Budapest 07. kerület,08,Vitezy,0
Fopolgarmester,01,007,Budapest 07. kerület,08,Szentkiralyi,0
Fopolgarmester,01,007,Budapest 07. kerület,08,Karacsony,0
Fopolgarmester,01,007,Budapest 07. kerület,09,Grundtner,0
Fopolgarmester,01,007,Budapest 07. kerület,09,Vitezy,0
Fopolgarmester,01,007,Budapest 07. kerület,09,Szentkiralyi,0
Fopolgarmester,01,007,Budapest 07. kerület,09,Karacsony,0
Fopolgarmester,01,007,Budapest 07. kerület,10,Grundtner,0
Fopolgarmester,01,007,Budapest 07. kerület,10,Vitezy,0
Fopolgarmester,01,007,Budapest 07. kerület,10,Szentkiralyi,0
Fopolgarmester,01,007,Budapest 07. kerület,10,Karacsony,0
Fopolgarmester,01,008,Budapest 08. kerület,01,Grundtner,0
Fopolgarmester,01,008,Budapest 08. kerület,01,Vitezy,0
Fopolgarmester,01,008,Budapest 08. kerület,01,Szentkiralyi,0
Fopolgarmester,01,008,Budapest 08. kerület,01,Karacsony,0
Fopolgarmester,01,008,Budapest 08. kerület,02,Karacsony,383
Fopolgarmester,01,008,Budapest 08. kerület,02,Vitezy,351
Fopolgarmester,01,008,Budapest 08. kerület,02,Grundtner,37
Fopolgarmester,01,008,Budapest 08. kerület,02,Szentkiralyi,0
Fopolgarmester,01,008,Budapest 08. kerület,03,Grundtner,0
Fopolgarmester,01,008,Budapest 08. kerület,03,Vitezy,0
Fopolgarmester,01,008,Budapest 08. kerület,03,Szentkiralyi,0
Fopolgarmester,01,008,Budapest 08. kerület,03,Karacsony,0
Fopolgarmester,01,008,Budapest 08. kerület,04,Karacsony,379
Fopolgarmester,01,008,Budapest 08. kerület,04,Vitezy,370
Fopolgarmester,01,008,Budapest 08. kerület,04,Grundtner,38
Fopolgarmester,01,008,Budapest 08. kerület,04,Szentkiralyi,0
Fopolgarmester,01,008,Budapest 08. kerület,05,Vitezy,142
Fopolgarmester,01,008,Budapest 08. kerület,05,Karacsony,116
Fopolgarmester,01,008,Budapest 08. kerület,05,Grundtner,16
Fopolgarmester,01,008,Budapest 08. kerület,05,Szentkiralyi,0
Fopolgarmester,01,008,Budapest 08. kerület,06,Vitezy,152
Fopolgarmester,01,008,Budapest 08. kerület,06,Karacsony,97
Fopolgarmester,01,008,Budapest 08. kerület,06,Grundtner,25
Fopolgarmester,01,008,Budapest 08. kerület,06,Szentkiralyi,0
Fopolgarmester,01,008,Budapest 08. kerület,07,Karacsony,250
Fopolgarmester,01,008,Budapest 08. kerület,07,Vitezy,230
Fopolgarmester,01,008,Budapest 08. kerület,07,Grundtner,24
Fopolgarmester,01,008,Budapest 08. kerület,07,Szentkiralyi,0
Fopolgarmester,01,008,Budapest 08. kerület,08,Grundtner,0
Fopolgarmester,01,008,Budapest 08. kerület,08,Vitezy,0
Fopolgarmester,01,008,Budapest 08. kerület,08,Szentkiralyi,0
Fopolgarmester,01,008,Budapest 08. kerület,08,Karacsony,0
Fopolgarmester,01,008,Budapest 08. kerület,09,Grundtner,0
Fopolgarmester,01,008,Budapest 08. kerület,09,Vitezy,0
Fopolgarmester,01,008,Budapest 08. kerület,09,Szentkiralyi,0
Fopolgarmester,01,008,Budapest 08. kerület,09,Karacsony,0
Fopolgarmester,01,008,Budapest 08. kerület,10,Grundtner,0
Fopolgarmester,01,008,Budapest 08. kerület,10,Vitezy,0
Fopolgarmester,01,008,Budapest 08. kerület,10,Szentkiralyi,0
Fopolgarmester,01,008,Budapest 08. kerület,10,Karacsony,0
Fopolgarmester,01,008,Budapest 08. kerület,11,Vitezy,562
Fopolgarmester,01,008,Budapest 08. kerület,11,Karacsony,414
Fopolgarmester,01,008,Budapest 08. kerület,11,Grundtner,58
Fopolgarmester,01,008,Budapest 08. kerület,11,Szentkiralyi,0
Fopolgarmester,01,008,Budapest 08. kerület,12,Karacsony,892
Fopolgarmester,01,008,Budapest 08. kerület,12,Vitezy,794
Fopolgarmester,01,008,Budapest 08. kerület,12,Grundtner,84
Fopolgarmester,01,008,Budapest 08. kerület,12,Szentkiralyi,0
Fopolgarmester,01,009,Budapest 09. kerület,01,Karacsony,446
Fopolgarmester,01,009,Budapest 09. kerület,01,Vitezy,423
Fopolgarmester,01,009,Budapest 09. kerület,01,Grundtner,38
Fopolgarmester,01,009,Budapest 09. kerület,01,Szentkiralyi,0
Fopolgarmester,01,009,Budapest 09. kerület,02,Grundtner,0
Fopolgarmester,01,009,Budapest 09. kerület,02,Vitezy,0
Fopolgarmester,01,009,Budapest 09. kerület,02,Szentkiralyi,0
Fopolgarmester,01,009,Budapest 09. kerület,02,Karacsony,0
Fopolgarmester,01,009,Budapest 09. kerület,03,Grundtner,0
Fopolgarmester,01,009,Budapest 09. kerület,03,Vitezy,0
Fopolgarmester,01,009,Budapest 09. kerület,03,Szentkiralyi,0
Fopolgarmester,01,009,Budapest 09. kerület,03,Karacsony,0
Fopolgarmester,01,009,Budapest 09. kerület,04,Karacsony,270
Fopolgarmester,01,009,Budapest 09. kerület,04,Vitezy,232
Fopolgarmester,01,009,Budapest 09. kerület,04,Grundtner,20
Fopolgarmester,01,009,Budapest 09. kerület,04,Szentkiralyi,0
Fopolgarmester,01,009,Budapest 09. kerület,05,Karacsony,537
Fopolgarmester,01,009,Budapest 09. kerület,05,Vitezy,447
Fopolgarmester,01,009,Budapest 09. kerület,05,Grundtner,29
Fopolgarmester,01,009,Budapest 09. kerület,05,Szentkiralyi,0
Fopolgarmester,01,009,Budapest 09. kerület,06,Grundtner,0
Fopolgarmester,01,009,Budapest 09. kerület,06,Vitezy,0
Fopolgarmester,01,009,Budapest 09. kerület,06,Szentkiralyi,0
Fopolgarmester,01,009,Budapest 09. kerület,06,Karacsony,0
Fopolgarmester,01,009,Budapest 09. kerület,07,Grundtner,0
Fopolgarmester,01,009,Budapest 09. kerület,07,Vitezy,0
Fopolgarmester,01,009,Budapest 09. kerület,07,Szentkiralyi,0
Fopolgarmester,01,009,Budapest 09. kerület,07,Karacsony,0
Fopolgarmester,01,009,Budapest 09. kerület,08,Grundtner,0
Fopolgarmester,01,009,Budapest 09. kerület,08,Vitezy,0
Fopolgarmester,01,009,Budapest 09. kerület,08,Szentkiralyi,0
Fopolgarmester,01,009,Budapest 09. kerület,08,Karacsony,0
Fopolgarmester,01,009,Budapest 09. kerület,09,Vitezy,356
Fopolgarmester,01,009,Budapest 09. kerület,09,Karacsony,335
Fopolgarmester,01,009,Budapest 09. kerület,09,Grundtner,15
Fopolgarmester,01,009,Budapest 09. kerület,09,Szentkiralyi,0
Fopolgarmester,01,009,Budapest 09. kerület,10,Karacsony,250
Fopolgarmester,01,009,Budapest 09. kerület,10,Vitezy,180
Fopolgarmester,01,009,Budapest 09. kerület,10,Grundtner,20
Fopolgarmester,01,009,Budapest 09. kerület,10,Szentkiralyi,0
Fopolgarmester,01,009,Budapest 09. kerület,11,Karacsony,667
Fopolgarmester,01,009,Budapest 09. kerület,11,Vitezy,611
Fopolgarmester,01,009,Budapest 09. kerület,11,Grundtner,64
Fopolgarmester,01,009,Budapest 09. kerület,11,Szentkiralyi,0
Fopolgarmester,01,009,Budapest 09. kerület,12,Karacsony,690
Fopolgarmester,01,009,Budapest 09. kerület,12,Vitezy,666
Fopolgarmester,01,009,Budapest 09. kerület,12,Grundtner,76
Fopolgarmester,01,009,Budapest 09. kerület,12,Szentkiralyi,0
Fopolgarmester,01,010,Budapest 10. kerület,01,Vitezy,496
Fopolgarmester,01,010,Budapest 10. kerület,01,Karacsony,442
Fopolgarmester,01,010,Budapest 10. kerület,01,Grundtner,76
Fopolgarmester,01,010,Budapest 10. kerület,01,Szentkiralyi,0
Fopolgarmester,01,010,Budapest 10. kerület,02,Karacsony,244
Fopolgarmester,01,010,Budapest 10. kerület,02,Vitezy,229
Fopolgarmester,01,010,Budapest 10. kerület,02,Grundtner,29
Fopolgarmester,01,010,Budapest 10. kerület,02,Szentkiralyi,0
Fopolgarmester,01,010,Budapest 10. kerület,03,Vitezy,169
Fopolgarmester,01,010,Budapest 10. kerület,03,Karacsony,167
Fopolgarmester,01,010,Budapest 10. kerület,03,Grundtner,30
Fopolgarmester,01,010,Budapest 10. kerület,03,Szentkiralyi,0
Fopolgarmester,01,010,Budapest 10. kerület,04,Vitezy,383
Fopolgarmester,01,010,Budapest 10. kerület,04,Karacsony,325
Fopolgarmester,01,010,Budapest 10. kerület,04,Grundtner,73
Fopolgarmester,01,010,Budapest 10. kerület,04,Szentkiralyi,0
Fopolgarmester,01,010,Budapest 10. kerület,05,Karacsony,219
Fopolgarmester,01,010,Budapest 10. kerület,05,Vitezy,198
Fopolgarmester,01,010,Budapest 10. kerület,05,Grundtner,22
Fopolgarmester,01,010,Budapest 10. kerület,05,Szentkiralyi,0
Fopolgarmester,01,010,Budapest 10. kerület,06,Vitezy,326
Fopolgarmester,01,010,Budapest 10. kerület,06,Karacsony,257
Fopolgarmester,01,010,Budapest 10. kerület,06,Grundtner,44
Fopolgarmester,01,010,Budapest 10. kerület,06,Szentkiralyi,0
Fopolgarmester,01,010,Budapest 10. kerület,07,Grundtner,0
Fopolgarmester,01,010,Budapest 10. kerület,07,Vitezy,0
Fopolgarmester,01,010,Budapest 10. kerület,07,Szentkiralyi,0
Fopolgarmester,01,010,Budapest 10. kerület,07,Karacsony,0
Fopolgarmester,01,010,Budapest 10. kerület,08,Vitezy,168
Fopolgarmester,01,010,Budapest 10. kerület,08,Karacsony,100
Fopolgarmester,01,010,Budapest 10. kerület,08,Grundtner,26
Fopolgarmester,01,010,Budapest 10. kerület,08,Szentkiralyi,0
Fopolgarmester,01,010,Budapest 10. kerület,09,Vitezy,219
Fopolgarmester,01,010,Budapest 10. kerület,09,Karacsony,198
Fopolgarmester,01,010,Budapest 10. kerület,09,Grundtner,26
Fopolgarmester,01,010,Budapest 10. kerület,09,Szentkiralyi,0
Fopolgarmester,01,010,Budapest 10. kerület,10,Grundtner,0
Fopolgarmester,01,010,Budapest 10. kerület,10,Vitezy,0
Fopolgarmester,01,010,Budapest 10. kerület,10,Szentkiralyi,0
Fopolgarmester,01,010,Budapest 10. kerület,10,Karacsony,0
Fopolgarmester,01,010,Budapest 10. kerület,11,Grundtner,0
Fopolgarmester,01,010,Budapest 10. kerület,11,Vitezy,0
Fopolgarmester,01,010,Budapest 10. kerület,11,Szentkiralyi,0
Fopolgarmester,01,010,Budapest 10. kerület,11,Karacsony,0
Fopolgarmester,01,010,Budapest 10. kerület,12,Vitezy,218
Fopolgarmester,01,010,Budapest 10. kerület,12,Karacsony,187
Fopolgarmester,01,010,Budapest 10. kerület,12,Grundtner,29
Fopolgarmester,01,010,Budapest 10. kerület,12,Szentkiralyi,0
Fopolgarmester,01,011,Budapest 11. kerület,01,Grundtner,0
Fopolgarmester,01,011,Budapest 11. kerület,01,Vitezy,0
Fopolgarmester,01,011,Budapest 11. kerület,01,Szentkiralyi,0
Fopolgarmester,01,011,Budapest 11. kerület,01,Karacsony,0
Fopolgarmester,01,011,Budapest 11. kerület,02,Grundtner,0
Fopolgarmester,01,011,Budapest 11. kerület,02,Vitezy,0
Fopolgarmester,01,011,Budapest 11. kerület,02,Szentkiralyi,0
Fopolgarmester,01,011,Budapest 11. kerület,02,Karacsony,0
Fopolgarmester,01,011,Budapest 11. kerület,03,Grundtner,0
Fopolgarmester,01,011,Budapest 11. kerület,03,Vitezy,0
Fopolgarmester,01,011,Budapest 11. kerület,03,Szentkiralyi,0
Fopolgarmester,01,011,Budapest 11. kerület,03,Karacsony,0
Fopolgarmester,01,011,Budapest 11. kerület,04,Grundtner,0
Fopolgarmester,01,011,Budapest 11. kerület,04,Vitezy,0
Fopolgarmester,01,011,Budapest 11. kerület,04,Szentkiralyi,0
Fopolgarmester,01,011,Budapest 11. kerület,04,Karacsony,0
Fopolgarmester,01,011,Budapest 11. kerület,05,Karacsony,325
Fopolgarmester,01,011,Budapest 11. kerület,05,Vitezy,276
Fopolgarmester,01,011,Budapest 11. kerület,05,Grundtner,23
Fopolgarmester,01,011,Budapest 11. kerület,05,Szentkiralyi,0
Fopolgarmester,01,011,Budapest 11. kerület,06,Grundtner,0
Fopolgarmester,01,011,Budapest 11. kerület,06,Vitezy,0
Fopolgarmester,01,011,Budapest 11. kerület,06,Szentkiralyi,0
Fopolgarmester,01,011,Budapest 11. kerület,06,Karacsony,0
Fopolgarmester,01,011,Budapest 11. kerület,07,Vitezy,281
Fopolgarmester,01,011,Budapest 11. kerület,07,Karacsony,249
Fopolgarmester,01,011,Budapest 11. kerület,07,Grundtner,28
Fopolgarmester,01,011,Budapest 11. kerület,07,Szentkiralyi,0
Fopolgarmester,01,011,Budapest 11. kerület,08,Grundtner,0
Fopolgarmester,01,011,Budapest 11. kerület,08,Vitezy,0
Fopolgarmester,01,011,Budapest 11. kerület,08,Szentkiralyi,0
Fopolgarmester,01,011,Budapest 11. kerület,08,Karacsony,0
Fopolgarmester,01,011,Budapest 11. kerület,09,Grundtner,0
Fopolgarmester,01,011,Budapest 11. kerület,09,Vitezy,0
Fopolgarmester,01,011,Budapest 11. kerület,09,Szentkiralyi,0
Fopolgarmester,01,011,Budapest 11. kerület,09,Karacsony,0
Fopolgarmester,01,011,Budapest 11. kerület,10,Vitezy,707
Fopolgarmester,01,011,Budapest 11. kerület,10,Karacsony,680
Fopolgarmester,01,011,Budapest 11. kerület,10,Grundtner,79
Fopolgarmester,01,011,Budapest 11. kerület,10,Szentkiralyi,0
Fopolgarmester,01,011,Budapest 11. kerület,11,Karacsony,206
Fopolgarmester,01,011,Budapest 11. kerület,11,Vitezy,196
Fopolgarmester,01,011,Budapest 11. kerület,11,Grundtner,16
Fopolgarmester,01,011,Budapest 11. kerület,11,Szentkiralyi,0
Fopolgarmester,01,011,Budapest 11. kerület,12,Grundtner,0
Fopolgarmester,01,011,Budapest 11. kerület,12,Vitezy,0
Fopolgarmester,01,011,Budapest 11. kerület,12,Szentkiralyi,0
Fopolgarmester,01,011,Budapest 11. kerület,12,Karacsony,0
Fopolgarmester,01,011,Budapest 11. kerület,13,Vitezy,649
Fopolgarmester,01,011,Budapest 11. kerület,13,Karacsony,635
Fopolgarmester,01,011,Budapest 11. kerület,13,Grundtner,64
Fopolgarmester,01,011,Budapest 11. kerület,13,Szentkiralyi,0
Fopolgarmester,01,011,Budapest 11. kerület,14,Karacsony,731
Fopolgarmester,01,011,Budapest 11. kerület,14,Vitezy,634
Fopolgarmester,01,011,Budapest 11. kerület,14,Grundtner,26
Fopolgarmester,01,011,Budapest 11. kerület,14,Szentkiralyi,0
Fopolgarmester,01,011,Budapest 11. kerület,15,Karacsony,690
Fopolgarmester,01,011,Budapest 11. kerület,15,Vitezy,674
Fopolgarmester,01,011,Budapest 11. kerület,15,Grundtner,64
Fopolgarmester,01,011,Budapest 11. kerület,15,Szentkiralyi,0
Fopolgarmester,01,011,Budapest 11. kerület,16,Grundtner,0
Fopolgarmester,01,011,Budapest 11. kerület,16,Vitezy,0
Fopolgarmester,01,011,Budapest 11. kerület,16,Szentkiralyi,0
Fopolgarmester,01,011,Budapest 11. kerület,16,Karacsony,0
Fopolgarmester,01,012,Budapest 12. kerület,01,Vitezy,905
Fopolgarmester,01,012,Budapest 12. kerület,01,Karacsony,857
Fopolgarmester,01,012,Budapest 12. kerület,01,Grundtner,74
Fopolgarmester,01,012,Budapest 12. kerület,01,Szentkiralyi,0
Fopolgarmester,01,012,Budapest 12. kerület,02,Vitezy,888
Fopolgarmester,01,012,Budapest 12. kerület,02,Karacsony,785
Fopolgarmester,01,012,Budapest 12. kerület,02,Grundtner,64
Fopolgarmester,01,012,Budapest 12. kerület,02,Szentkiralyi,0
Fopolgarmester,01,012,Budapest 12. kerület,03,Karacsony,637
Fopolgarmester,01,012,Budapest 12. kerület,03,Vitezy,633
Fopolgarmester,01,012,Budapest 12. kerület,03,Grundtner,40
Fopolgarmester,01,012,Budapest 12. kerület,03,Szentkiralyi,0
Fopolgarmester,01,012,Budapest 12. kerület,04,Vitezy,437
Fopolgarmester,01,012,Budapest 12. kerület,04,Karacsony,345
Fopolgarmester,01,012,Budapest 12. kerület,04,Grundtner,35
Fopolgarmester,01,012,Budapest 12. kerület,04,Szentkiralyi,0
Fopolgarmester,01,012,Budapest 12. kerület,05,Vitezy,480
Fopolgarmester,01,012,Budapest 12. kerület,05,Karacsony,450
Fopolgarmester,01,012,Budapest 12. kerület,05,Grundtner,30
Fopolgarmester,01,012,Budapest 12. kerület,05,Szentkiralyi,0
Fopolgarmester,01,012,Budapest 12. kerület,06,Karacsony,800
Fopolgarmester,01,012,Budapest 12. kerület,06,Vitezy,776
Fopolgarmester,01,012,Budapest 12. kerület,06,Grundtner,45
Fopolgarmester,01,012,Budapest 12. kerület,06,Szentkiralyi,0
Fopolgarmester,01,012,Budapest 12. kerület,07,Vitezy,333
Fopolgarmester,01,012,Budapest 12. kerület,07,Karacsony,304
Fopolgarmester,01,012,Budapest 12. kerület,07,Grundtner,24
Fopolgarmester,01,012,Budapest 12. kerület,07,Szentkiralyi,0
Fopolgarmester,01,012,Budapest 12. kerület,08,Grundtner,0
Fopolgarmester,01,012,Budapest 12. kerület,08,Vitezy,0
Fopolgarmester,01,012,Budapest 12. kerület,08,Szentkiralyi,0
Fopolgarmester,01,012,Budapest 12. kerület,08,Karacsony,0
Fopolgarmester,01,012,Budapest 12. kerület,09,Vitezy,576
Fopolgarmester,01,012,Budapest 12. kerület,09,Karacsony,462
Fopolgarmester,01,012,Budapest 12. kerület,09,Grundtner,22
Fopolgarmester,01,012,Budapest 12. kerület,09,Szentkiralyi,0
Fopolgarmester,01,012,Budapest 12. kerület,10,Karacsony,311
Fopolgarmester,01,012,Budapest 12. kerület,10,Vitezy,303
Fopolgarmester,01,012,Budapest 12. kerület,10,Grundtner,21
Fopolgarmester,01,012,Budapest 12. kerület,10,Szentkiralyi,0
Fopolgarmester,01,012,Budapest 12. kerület,11,Vitezy,224
Fopolgarmester,01,012,Budapest 12. kerület,11,Karacsony,223
Fopolgarmester,01,012,Budapest 12. kerület,11,Grundtner,14
Fopolgarmester,01,012,Budapest 12. kerület,11,Szentkiralyi,0
Fopolgarmester,01,012,Budapest 12. kerület,12,Vitezy,731
Fopolgarmester,01,012,Budapest 12. kerület,12,Karacsony,613
Fopolgarmester,01,012,Budapest 12. kerület,12,Grundtner,57
Fopolgarmester,01,012,Budapest 12. kerület,12,Szentkiralyi,0
Fopolgarmester,01,013,Budapest 13. kerület,01,Grundtner,0
Fopolgarmester,01,013,Budapest 13. kerület,01,Vitezy,0
Fopolgarmester,01,013,Budapest 13. kerület,01,Szentkiralyi,0
Fopolgarmester,01,013,Budapest 13. kerület,01,Karacsony,0
Fopolgarmester,01,013,Budapest 13. kerület,02,Karacsony,334
Fopolgarmester,01,013,Budapest 13. kerület,02,Vitezy,213
Fopolgarmester,01,013,Budapest 13. kerület,02,Grundtner,28
Fopolgarmester,01,013,Budapest 13. kerület,02,Szentkiralyi,0
Fopolgarmester,01,013,Budapest 13. kerület,03,Karacsony,683
Fopolgarmester,01,013,Budapest 13. kerület,03,Vitezy,411
Fopolgarmester,01,013,Budapest 13. kerület,03,Grundtner,29
Fopolgarmester,01,013,Budapest 13. kerület,03,Szentkiralyi,0
Fopolgarmester,01,013,Budapest 13. kerület,04,Grundtner,0
Fopolgarmester,01,013,Budapest 13. kerület,04,Vitezy,0
Fopolgarmester,01,013,Budapest 13. kerület,04,Szentkiralyi,0
Fopolgarmester,01,013,Budapest 13. kerület,04,Karacsony,0
Fopolgarmester,01,013,Budapest 13. kerület,05,Karacsony,279
Fopolgarmester,01,013,Budapest 13. kerület,05,Vitezy,260
Fopolgarmester,01,013,Budapest 13. kerület,05,Grundtner,24
Fopolgarmester,01,013,Budapest 13. kerület,05,Szentkiralyi,0
Fopolgarmester,01,013,Budapest 13. kerület,06,Karacsony,704
Fopolgarmester,01,013,Budapest 13. kerület,06,Vitezy,543
Fopolgarmester,01,013,Budapest 13. kerület,06,Grundtner,34
Fopolgarmester,01,013,Budapest 13. kerület,06,Szentkiralyi,0
Fopolgarmester,01,013,Budapest 13. kerület,07,Karacsony,270
Fopolgarmester,01,013,Budapest 13. kerület,07,Vitezy,178
Fopolgarmester,01,013,Budapest 13. kerület,07,Grundtner,14
Fopolgarmester,01,013,Budapest 13. kerület,07,Szentkiralyi,0
Fopolgarmester,01,013,Budapest 13. kerület,08,Karacsony,367
Fopolgarmester,01,013,Budapest 13. kerület,08,Vitezy,324
Fopolgarmester,01,013,Budapest 13. kerület,08,Grundtner,44
Fopolgarmester,01,013,Budapest 13. kerület,08,Szentkiralyi,0
Fopolgarmester,01,013,Budapest 13. kerület,09,Karacsony,389
Fopolgarmester,01,013,Budapest 13. kerület,09,Vitezy,299
Fopolgarmester,01,013,Budapest 13. kerület,09,Grundtner,28
Fopolgarmester,01,013,Budapest 13. kerület,09,Szentkiralyi,0
Fopolgarmester,01,013,Budapest 13. kerület,10,Karacsony,237
Fopolgarmester,01,013,Budapest 13. kerület,10,Vitezy,229
Fopolgarmester,01,013,Budapest 13. kerület,10,Grundtner,22
Fopolgarmester,01,013,Budapest 13. kerület,10,Szentkiralyi,0
Fopolgarmester,01,013,Budapest 13. kerület,11,Karacsony,223
Fopolgarmester,01,013,Budapest 13. kerület,11,Vitezy,205
Fopolgarmester,01,013,Budapest 13. kerület,11,Grundtner,24
Fopolgarmester,01,013,Budapest 13. kerület,11,Szentkiralyi,0
Fopolgarmester,01,013,Budapest 13. kerület,12,Karacsony,653
Fopolgarmester,01,013,Budapest 13. kerület,12,Vitezy,534
Fopolgarmester,01,013,Budapest 13. kerület,12,Grundtner,45
Fopolgarmester,01,013,Budapest 13. kerület,12,Szentkiralyi,0
Fopolgarmester,01,013,Budapest 13. kerület,13,Karacsony,221
Fopolgarmester,01,013,Budapest 13. kerület,13,Vitezy,181
Fopolgarmester,01,013,Budapest 13. kerület,13,Grundtner,25
Fopolgarmester,01,013,Budapest 13. kerület,13,Szentkiralyi,0
Fopolgarmester,01,013,Budapest 13. kerület,14,Grundtner,0
Fopolgarmester,01,013,Budapest 13. kerület,14,Vitezy,0
Fopolgarmester,01,013,Budapest 13. kerület,14,Szentkiralyi,0
Fopolgarmester,01,013,Budapest 13. kerület,14,Karacsony,0
Fopolgarmester,01,013,Budapest 13. kerület,15,Karacsony,495
Fopolgarmester,01,013,Budapest 13. kerület,15,Vitezy,388
Fopolgarmester,01,013,Budapest 13. kerület,15,Grundtner,24
Fopolgarmester,01,013,Budapest 13. kerület,15,Szentkiralyi,0
Fopolgarmester,01,014,Budapest 14. kerület,01,Karacsony,336
Fopolgarmester,01,014,Budapest 14. kerület,01,Vitezy,310
Fopolgarmester,01,014,Budapest 14. kerület,01,Grundtner,42
Fopolgarmester,01,014,Budapest 14. kerület,01,Szentkiralyi,0
Fopolgarmester,01,014,Budapest 14. kerület,02,Grundtner,0
Fopolgarmester,01,014,Budapest 14. kerület,02,Vitezy,0
Fopolgarmester,01,014,Budapest 14. kerület,02,Szentkiralyi,0
Fopolgarmester,01,014,Budapest 14. kerület,02,Karacsony,0
Fopolgarmester,01,014,Budapest 14. kerület,03,Karacsony,437
Fopolgarmester,01,014,Budapest 14. kerület,03,Vitezy,291
Fopolgarmester,01,014,Budapest 14. kerület,03,Grundtner,20
Fopolgarmester,01,014,Budapest 14. kerület,03,Szentkiralyi,0
Fopolgarmester,01,014,Budapest 14. kerület,04,Grundtner,0
Fopolgarmester,01,014,Budapest 14. kerület,04,Vitezy,0
Fopolgarmester,01,014,Budapest 14. kerület,04,Szentkiralyi,0
Fopolgarmester,01,014,Budapest 14. kerület,04,Karacsony,0
Fopolgarmester,01,014,Budapest 14. kerület,05,Karacsony,359
Fopolgarmester,01,014,Budapest 14. kerület,05,Vitezy,294
Fopolgarmester,01,014,Budapest 14. kerület,05,Grundtner,41
Fopolgarmester,01,014,Budapest 14. kerület,05,Szentkiralyi,0
Fopolgarmester,01,014,Budapest 14. kerület,06,Grundtner,0
Fopolgarmester,01,014,Budapest 14. kerület,06,Vitezy,0
Fopolgarmester,01,014,Budapest 14. kerület,06,Szentkiralyi,0
Fopolgarmester,01,014,Budapest 14. kerület,06,Karacsony,0
Fopolgarmester,01,014,Budapest 14. kerület,07,Karacsony,372
Fopolgarmester,01,014,Budapest 14. kerület,07,Vitezy,345
Fopolgarmester,01,014,Budapest 14. kerület,07,Grundtner,28
Fopolgarmester,01,014,Budapest 14. kerület,07,Szentkiralyi,0
Fopolgarmester,01,014,Budapest 14. kerület,08,Grundtner,0
Fopolgarmester,01,014,Budapest 14. kerület,08,Vitezy,0
Fopolgarmester,01,014,Budapest 14. kerület,08,Szentkiralyi,0
Fopolgarmester,01,014,Budapest 14. kerület,08,Karacsony,0
Fopolgarmester,01,014,Budapest 14. kerület,09,Karacsony,532
Fopolgarmester,01,014,Budapest 14. kerület,09,Vitezy,500
Fopolgarmester,01,014,Budapest 14. kerület,09,Grundtner,50
Fopolgarmester,01,014,Budapest 14. kerület,09,Szentkiralyi,0
Fopolgarmester,01,014,Budapest 14. kerület,10,Grundtner,0
Fopolgarmester,01,014,Budapest 14. kerület,10,Vitezy,0
Fopolgarmester,01,014,Budapest 14. kerület,10,Szentkiralyi,0
Fopolgarmester,01,014,Budapest 14. kerület,10,Karacsony,0
Fopolgarmester,01,014,Budapest 14. kerület,11,Grundtner,0
Fopolgarmester,01,014,Budapest 14. kerület,11,Vitezy,0
Fopolgarmester,01,014,Budapest 14. kerület,11,Szentkiralyi,0
Fopolgarmester,01,014,Budapest 14. kerület,11,Karacsony,0
Fopolgarmester,01,014,Budapest 14. kerület,12,Grundtner,0
Fopolgarmester,01,014,Budapest 14. kerület,12,Vitezy,0
Fopolgarmester,01,014,Budapest 14. kerület,12,Szentkiralyi,0
Fopolgarmester,01,014,Budapest 14. kerület,12,Karacsony,0
Fopolgarmester,01,014,Budapest 14. kerület,13,Karacsony,294
Fopolgarmester,01,014,Budapest 14. kerület,13,Vitezy,278
Fopolgarmester,01,014,Budapest 14. kerület,13,Grundtner,32
Fopolgarmester,01,014,Budapest 14. kerület,13,Szentkiralyi,0
Fopolgarmester,01,014,Budapest 14. kerület,14,Grundtner,0
Fopolgarmester,01,014,Budapest 14. kerület,14,Vitezy,0
Fopolgarmester,01,014,Budapest 14. kerület,14,Szentkiralyi,0
Fopolgarmester,01,014,Budapest 14. kerület,14,Karacsony,0
Fopolgarmester,01,015,Budapest 15. kerület,01,Vitezy,970
Fopolgarmester,01,015,Budapest 15. kerület,01,Karacsony,821
Fopolgarmester,01,015,Budapest 15. kerület,01,Grundtner,116
Fopolgarmester,01,015,Budapest 15. kerület,01,Szentkiralyi,0
Fopolgarmester,01,015,Budapest 15. kerület,02,Vitezy,574
Fopolgarmester,01,015,Budapest 15. kerület,02,Karacsony,494
Fopolgarmester,01,015,Budapest 15. kerület,02,Grundtner,78
Fopolgarmester,01,015,Budapest 15. kerület,02,Szentkiralyi,0
Fopolgarmester,01,015,Budapest 15. kerület,03,Karacsony,310
Fopolgarmester,01,015,Budapest 15. kerület,03,Vitezy,297
Fopolgarmester,01,015,Budapest 15. kerület,03,Grundtner,34
Fopolgarmester,01,015,Budapest 15. kerület,03,Szentkiralyi,0
Fopolgarmester,01,015,Budapest 15. kerület,04,Vitezy,269
Fopolgarmester,01,015,Budapest 15. kerület,04,Karacsony,254
Fopolgarmester,01,015,Budapest 15. kerület,04,Grundtner,34
Fopolgarmester,01,015,Budapest 15. kerület,04,Szentkiralyi,0
Fopolgarmester,01,015,Budapest 15. kerület,05,Karacsony,258
Fopolgarmester,01,015,Budapest 15. kerület,05,Vitezy,255
Fopolgarmester,01,015,Budapest 15. kerület,05,Grundtner,34
Fopolgarmester,01,015,Budapest 15. kerület,05,Szentkiralyi,0
Fopolgarmester,01,015,Budapest 15. kerület,06,Grundtner,0
Fopolgarmester,01,015,Budapest 15. kerület,06,Vitezy,0
Fopolgarmester,01,015,Budapest 15. kerület,06,Szentkiralyi,0
Fopolgarmester,01,015,Budapest 15. kerület,06,Karacsony,0
Fopolgarmester,01,015,Budapest 15. kerület,07,Vitezy,520
Fopolgarmester,01,015,Budapest 15. kerület,07,Karacsony,499
Fopolgarmester,01,015,Budapest 15. kerület,07,Grundtner,75
Fopolgarmester,01,015,Budapest 15. kerület,07,Szentkiralyi,0
Fopolgarmester,01,015,Budapest 15. kerület,08,Vitezy,258
Fopolgarmester,01,015,Budapest 15. kerület,08,Karacsony,215
Fopolgarmester,01,015,Budapest 15. kerület,08,Grundtner,41
Fopolgarmester,01,015,Budapest 15. kerület,08,Szentkiralyi,0
Fopolgarmester,01,015,Budapest 15. kerület,09,Vitezy,244
Fopolgarmester,01,015,Budapest 15. kerület,09,Karacsony,244
Fopolgarmester,01,015,Budapest 15. kerület,09,Grundtner,39
Fopolgarmester,01,015,Budapest 15. kerület,09,Szentkiralyi,0
Fopolgarmester,01,015,Budapest 15. kerület,10,Grundtner,0
Fopolgarmester,01,015,Budapest 15. kerület,10,Vitezy,0
Fopolgarmester,01,015,Budapest 15. kerület,10,Szentkiralyi,0
Fopolgarmester,01,015,Budapest 15. kerület,10,Karacsony,0
Fopolgarmester,01,015,Budapest 15. kerület,11,Grundtner,0
Fopolgarmester,01,015,Budapest 15. kerület,11,Vitezy,0
Fopolgarmester,01,015,Budapest 15. kerület,11,Szentkiralyi,0
Fopolgarmester,01,015,Budapest 15. kerület,11,Karacsony,0
Fopolgarmester,01,015,Budapest 15. kerület,12,Vitezy,475
Fopolgarmester,01,015,Budapest 15. kerület,12,Karacsony,435
Fopolgarmester,01,015,Budapest 15. kerület,12,Grundtner,66
Fopolgarmester,01,015,Budapest 15. kerület,12,Szentkiralyi,0
Fopolgarmester,01,016,Budapest 16. kerület,01,Vitezy,914
Fopolgarmester,01,016,Budapest 16. kerület,01,Karacsony,833
Fopolgarmester,01,016,Budapest 16. kerület,01,Grundtner,113
Fopolgarmester,01,016,Budapest 16. kerület,01,Szentkiralyi,0
Fopolgarmester,01,016,Budapest 16. kerület,02,Vitezy,831
Fopolgarmester,01,016,Budapest 16. kerület,02,Karacsony,811
Fopolgarmester,01,016,Budapest 16. kerület,02,Grundtner,77
Fopolgarmester,01,016,Budapest 16. kerület,02,Szentkiralyi,0
Fopolgarmester,01,016,Budapest 16. kerület,03,Grundtner,0
Fopolgarmester,01,016,Budapest 16. kerület,03,Vitezy,0
Fopolgarmester,01,016,Budapest 16. kerület,03,Szentkiralyi,0
Fopolgarmester,01,016,Budapest 16. kerület,03,Karacsony,0
Fopolgarmester,01,016,Budapest 16. kerület,04,Vitezy,260
Fopolgarmester,01,016,Budapest 16. kerület,04,Karacsony,236
Fopolgarmester,01,016,Budapest 16. kerület,04,Grundtner,25
Fopolgarmester,01,016,Budapest 16. kerület,04,Szentkiralyi,0
Fopolgarmester,01,016,Budapest 16. kerület,05,Vitezy,510
Fopolgarmester,01,016,Budapest 16. kerület,05,Karacsony,444
Fopolgarmester,01,016,Budapest 16. kerület,05,Grundtner,51
Fopolgarmester,01,016,Budapest 16. kerület,05,Szentkiralyi,0
Fopolgarmester,01,016,Budapest 16. kerület,06,Vitezy,870
Fopolgarmester,01,016,Budapest 16. kerület,06,Karacsony,792
Fopolgarmester,01,016,Budapest 16. kerület,06,Grundtner,108
Fopolgarmester,01,016,Budapest 16. kerület,06,Szentkiralyi,0
Fopolgarmester,01,016,Budapest 16. kerület,07,Grundtner,0
Fopolgarmester,01,016,Budapest 16. kerület,07,Vitezy,0
Fopolgarmester,01,016,Budapest 16. kerület,07,Szentkiralyi,0
Fopolgarmester,01,016,Budapest 16. kerület,07,Karacsony,0
Fopolgarmester,01,016,Budapest 16. kerület,08,Vitezy,281
Fopolgarmester,01,016,Budapest 16. kerület,08,Karacsony,217
Fopolgarmester,01,016,Budapest 16. kerület,08,Grundtner,32
Fopolgarmester,01,016,Budapest 16. kerület,08,Szentkiralyi,0
Fopolgarmester,01,016,Budapest 16. kerület,09,Vitezy,868
Fopolgarmester,01,016,Budapest 16. kerület,09,Karacsony,750
Fopolgarmester,01,016,Budapest 16. kerület,09,Grundtner,84
Fopolgarmester,01,016,Budapest 16. kerület,09,Szentkiralyi,0
Fopolgarmester,01,016,Budapest 16. kerület,10,Vitezy,1129
Fopolgarmester,01,016,Budapest 16. kerület,10,Karacsony,897
Fopolgarmester,01,016,Budapest 16. kerület,10,Grundtner,103
Fopolgarmester,01,016,Budapest 16. kerület,10,Szentkiralyi,0
Fopolgarmester,01,016,Budapest 16. kerület,11,Vitezy,695
Fopolgarmester,01,016,Budapest 16. kerület,11,Karacsony,578
Fopolgarmester,01,016,Budapest 16. kerület,11,Grundtner,68
Fopolgarmester,01,016,Budapest 16. kerület,11,Szentkiralyi,0
Fopolgarmester,01,016,Budapest 16. kerület,12,Vitezy,620
Fopolgarmester,01,016,Budapest 16. kerület,12,Karacsony,411
Fopolgarmester,01,016,Budapest 16. kerület,12,Grundtner,66
Fopolgarmester,01,016,Budapest 16. kerület,12,Szentkiralyi,0
Fopolgarmester,01,017,Budapest 17. kerület,01,Vitezy,1434
Fopolgarmester,01,017,Budapest 17. kerület,01,Karacsony,1279
Fopolgarmester,01,017,Budapest 17. kerület,01,Grundtner,136
Fopolgarmester,01,017,Budapest 17. kerület,01,Szentkiralyi,0
Fopolgarmester,01,017,Budapest 17. kerület,02,Vitezy,1158
Fopolgarmester,01,017,Budapest 17. kerület,02,Karacsony,1076
Fopolgarmester,01,017,Budapest 17. kerület,02,Grundtner,192
Fopolgarmester,01,017,Budapest 17. kerület,02,Szentkiralyi,0
Fopolgarmester,01,017,Budapest 17. kerület,03,Vitezy,769
Fopolgarmester,01,017,Budapest 17. kerület,03,Karacsony,657
Fopolgarmester,01,017,Budapest 17. kerület,03,Grundtner,119
Fopolgarmester,01,017,Budapest 17. kerület,03,Szentkiralyi,0
Fopolgarmester,01,017,Budapest 17. kerület,04,Vitezy,992
Fopolgarmester,01,017,Budapest 17. kerület,04,Karacsony,830
Fopolgarmester,01,017,Budapest 17. kerület,04,Grundtner,131
Fopolgarmester,01,017,Budapest 17. kerület,04,Szentkiralyi,0
Fopolgarmester,01,017,Budapest 17. kerület,05,Vitezy,1463
Fopolgarmester,01,017,Budapest 17. kerület,05,Karacsony,1368
Fopolgarmester,01,017,Budapest 17. kerület,05,Grundtner,130
Fopolgarmester,01,017,Budapest 17. kerület,05,Szentkiralyi,0
Fopolgarmester,01,017,Budapest 17. kerület,06,Vitezy,1422
Fopolgarmester,01,017,Budapest 17. kerület,06,Karacsony,1240
Fopolgarmester,01,017,Budapest 17. kerület,06,Grundtner,173
Fopolgarmester,01,017,Budapest 17. kerület,06,Szentkiralyi,0
Fopolgarmester,01,017,Budapest 17. kerület,07,Grundtner,0
Fopolgarmester,01,017,Budapest 17. kerület,07,Vitezy,0
Fopolgarmester,01,017,Budapest 17. kerület,07,Szentkiralyi,0
Fopolgarmester,01,017,Budapest 17. kerület,07,Karacsony,0
Fopolgarmester,01,017,Budapest 17. kerület,08,Vitezy,901
Fopolgarmester,01,017,Budapest 17. kerület,08,Karacsony,716
Fopolgarmester,01,017,Budapest 17. kerület,08,Grundtner,110
Fopolgarmester,01,017,Budapest 17. kerület,08,Szentkiralyi,0
Fopolgarmester,01,017,Budapest 17. kerület,09,Vitezy,901
Fopolgarmester,01,017,Budapest 17. kerület,09,Karacsony,726
Fopolgarmester,01,017,Budapest 17. kerület,09,Grundtner,103
Fopolgarmester,01,017,Budapest 17. kerület,09,Szentkiralyi,0
Fopolgarmester,01,017,Budapest 17. kerület,10,Vitezy,1227
Fopolgarmester,01,017,Budapest 17. kerület,10,Karacsony,1016
Fopolgarmester,01,017,Budapest 17. kerület,10,Grundtner,131
Fopolgarmester,01,017,Budapest 17. kerület,10,Szentkiralyi,0
Fopolgarmester,01,017,Budapest 17. kerület,11,Vitezy,621
Fopolgarmester,01,017,Budapest 17. kerület,11,Karacsony,472
Fopolgarmester,01,017,Budapest 17. kerület,11,Grundtner,73
Fopolgarmester,01,017,Budapest 17. kerület,11,Szentkiralyi,0
Fopolgarmester,01,017,Budapest 17. kerület,12,Vitezy,1242
Fopolgarmester,01,017,Budapest 17. kerület,12,Karacsony,903
Fopolgarmester,01,017,Budapest 17. kerület,12,Grundtner,140
Fopolgarmester,01,017,Budapest 17. kerület,12,Szentkiralyi,0
Fopolgarmester,01,017,Budapest 17. kerület,13,Vitezy,1232
Fopolgarmester,01,017,Budapest 17. kerület,13,Karacsony,991
Fopolgarmester,01,017,Budapest 17. kerület,13,Grundtner,166
Fopolgarmester,01,017,Budapest 17. kerület,13,Szentkiralyi,0
Fopolgarmester,01,017,Budapest 17. kerület,14,Vitezy,1085
Fopolgarmester,01,017,Budapest 17. kerület,14,Karacsony,761
Fopolgarmester,01,017,Budapest 17. kerület,14,Grundtner,126
Fopolgarmester,01,017,Budapest 17. kerület,14,Szentkiralyi,0
Fopolgarmester,01,018,Budapest 18. kerület,01,Grundtner,0
Fopolgarmester,01,018,Budapest 18. kerület,01,Vitezy,0
Fopolgarmester,01,018,Budapest 18. kerület,01,Szentkiralyi,0
Fopolgarmester,01,018,Budapest 18. kerület,01,Karacsony,0
Fopolgarmester,01,018,Budapest 18. kerület,02,Grundtner,0
Fopolgarmester,01,018,Budapest 18. kerület,02,Vitezy,0
Fopolgarmester,01,018,Budapest 18. kerület,02,Szentkiralyi,0
Fopolgarmester,01,018,Budapest 18. kerület,02,Karacsony,0
Fopolgarmester,01,018,Budapest 18. kerület,03,Vitezy,630
Fopolgarmester,01,018,Budapest 18. kerület,03,Karacsony,483
Fopolgarmester,01,018,Budapest 18. kerület,03,Grundtner,85
Fopolgarmester,01,018,Budapest 18. kerület,03,Szentkiralyi,0
Fopolgarmester,01,018,Budapest 18. kerület,04,Karacsony,271
Fopolgarmester,01,018,Budapest 18. kerület,04,Vitezy,269
Fopolgarmester,01,018,Budapest 18. kerület,04,Grundtner,49
Fopolgarmester,01,018,Budapest 18. kerület,04,Szentkiralyi,0
Fopolgarmester,01,018,Budapest 18. kerület,05,Grundtner,0
Fopolgarmester,01,018,Budapest 18. kerület,05,Vitezy,0
Fopolgarmester,01,018,Budapest 18. kerület,05,Szentkiralyi,0
Fopolgarmester,01,018,Budapest 18. kerület,05,Karacsony,0
Fopolgarmester,01,018,Budapest 18. kerület,06,Vitezy,462
Fopolgarmester,01,018,Budapest 18. kerület,06,Karacsony,430
Fopolgarmester,01,018,Budapest 18. kerület,06,Grundtner,78
Fopolgarmester,01,018,Budapest 18. kerület,06,Szentkiralyi,0
Fopolgarmester,01,018,Budapest 18. kerület,07,Grundtner,0
Fopolgarmester,01,018,Budapest 18. kerület,07,Vitezy,0
Fopolgarmester,01,018,Budapest 18. kerület,07,Szentkiralyi,0
Fopolgarmester,01,018,Budapest 18. kerület,07,Karacsony,0
Fopolgarmester,01,018,Budapest 18. kerület,08,Karacsony,252
Fopolgarmester,01,018,Budapest 18. kerület,08,Vitezy,217
Fopolgarmester,01,018,Budapest 18. kerület,08,Grundtner,26
Fopolgarmester,01,018,Budapest 18. kerület,08,Szentkiralyi,0
Fopolgarmester,01,018,Budapest 18. kerület,09,Vitezy,580
Fopolgarmester,01,018,Budapest 18. kerület,09,Karacsony,539
Fopolgarmester,01,018,Budapest 18. kerület,09,Grundtner,67
Fopolgarmester,01,018,Budapest 18. kerület,09,Szentkiralyi,0
Fopolgarmester,01,018,Budapest 18. kerület,10,Grundtner,0
Fopolgarmester,01,018,Budapest 18. kerület,10,Vitezy,0
Fopolgarmester,01,018,Budapest 18. kerület,10,Szentkiralyi,0
Fopolgarmester,01,018,Budapest 18. kerület,10,Karacsony,0
Fopolgarmester,01,018,Budapest 18. kerület,11,Grundtner,0
Fopolgarmester,01,018,Budapest 18. kerület,11,Vitezy,0
Fopolgarmester,01,018,Budapest 18. kerület,11,Szentkiralyi,0
Fopolgarmester,01,018,Budapest 18. kerület,11,Karacsony,0
Fopolgarmester,01,018,Budapest 18. kerület,12,Karacsony,368
Fopolgarmester,01,018,Budapest 18. kerület,12,Vitezy,364
Fopolgarmester,01,018,Budapest 18. kerület,12,Grundtner,42
Fopolgarmester,01,018,Budapest 18. kerület,12,Szentkiralyi,0
Fopolgarmester,01,018,Budapest 18. kerület,13,Karacsony,566
Fopolgarmester,01,018,Budapest 18. kerület,13,Vitezy,538
Fopolgarmester,01,018,Budapest 18. kerület,13,Grundtner,84
Fopolgarmester,01,018,Budapest 18. kerület,13,Szentkiralyi,0
Fopolgarmester,01,018,Budapest 18. kerület,14,Grundtner,0
Fopolgarmester,01,018,Budapest 18. kerület,14,Vitezy,0
Fopolgarmester,01,018,Budapest 18. kerület,14,Szentkiralyi,0
Fopolgarmester,01,018,Budapest 18. kerület,14,Karacsony,0
Fopolgarmester,01,019,Budapest 19. kerület,01,Karacsony,262
Fopolgarmester,01,019,Budapest 19. kerület,01,Vitezy,252
Fopolgarmester,01,019,Budapest 19. kerület,01,Grundtner,36
Fopolgarmester,01,019,Budapest 19. kerület,01,Szentkiralyi,0
Fopolgarmester,01,019,Budapest 19. kerület,02,Vitezy,637
Fopolgarmester,01,019,Budapest 19. kerület,02,Karacsony,591
Fopolgarmester,01,019,Budapest 19. kerület,02,Grundtner,74
Fopolgarmester,01,019,Budapest 19. kerület,02,Szentkiralyi,0
Fopolgarmester,01,019,Budapest 19. kerület,03,Karacsony,299
Fopolgarmester,01,019,Budapest 19. kerület,03,Vitezy,288
Fopolgarmester,01,019,Budapest 19. kerület,03,Grundtner,37
Fopolgarmester,01,019,Budapest 19. kerület,03,Szentkiralyi,0
Fopolgarmester,01,019,Budapest 19. kerület,04,Karacsony,240
Fopolgarmester,01,019,Budapest 19. kerület,04,Vitezy,227
Fopolgarmester,01,019,Budapest 19. kerület,04,Grundtner,32
Fopolgarmester,01,019,Budapest 19. kerület,04,Szentkiralyi,0
Fopolgarmester,01,019,Budapest 19. kerület,05,Karacsony,319
Fopolgarmester,01,019,Budapest 19. kerület,05,Vitezy,270
Fopolgarmester,01,019,Budapest 19. kerület,05,Grundtner,32
Fopolgarmester,01,019,Budapest 19. kerület,05,Szentkiralyi,0
Fopolgarmester,01,019,Budapest 19. kerület,06,Karacsony,568
Fopolgarmester,01,019,Budapest 19. kerület,06,Vitezy,566
Fopolgarmester,01,019,Budapest 19. kerület,06,Grundtner,60
Fopolgarmester,01,019,Budapest 19. kerület,06,Szentkiralyi,0
Fopolgarmester,01,019,Budapest 19. kerület,07,Grundtner,0
Fopolgarmester,01,019,Budapest 19. kerület,07,Vitezy,0
Fopolgarmester,01,019,Budapest 19. kerület,07,Szentkiralyi,0
Fopolgarmester,01,019,Budapest 19. kerület,07,Karacsony,0
Fopolgarmester,01,019,Budapest 19. kerület,08,Karacsony,307
Fopolgarmester,01,019,Budapest 19. kerület,08,Vitezy,286
Fopolgarmester,01,019,Budapest 19. kerület,08,Grundtner,26
Fopolgarmester,01,019,Budapest 19. kerület,08,Szentkiralyi,0
Fopolgarmester,01,019,Budapest 19. kerület,09,Karacsony,339
Fopolgarmester,01,019,Budapest 19. kerület,09,Vitezy,274
Fopolgarmester,01,019,Budapest 19. kerület,09,Grundtner,41
Fopolgarmester,01,019,Budapest 19. kerület,09,Szentkiralyi,0
Fopolgarmester,01,019,Budapest 19. kerület,10,Grundtner,0
Fopolgarmester,01,019,Budapest 19. kerület,10,Vitezy,0
Fopolgarmester,01,019,Budapest 19. kerület,10,Szentkiralyi,0
Fopolgarmester,01,019,Budapest 19. kerület,10,Karacsony,0
Fopolgarmester,01,019,Budapest 19. kerület,11,Vitezy,301
Fopolgarmester,01,019,Budapest 19. kerület,11,Karacsony,265
Fopolgarmester,01,019,Budapest 19. kerület,11,Grundtner,35
Fopolgarmester,01,019,Budapest 19. kerület,11,Szentkiralyi,0
Fopolgarmester,01,019,Budapest 19. kerület,12,Karacsony,312
Fopolgarmester,01,019,Budapest 19. kerület,12,Vitezy,307
Fopolgarmester,01,019,Budapest 19. kerület,12,Grundtner,33
Fopolgarmester,01,019,Budapest 19. kerület,12,Szentkiralyi,0
Fopolgarmester,01,020,Budapest 20. kerület,01,Vitezy,797
Fopolgarmester,01,020,Budapest 20. kerület,01,Karacsony,729
Fopolgarmester,01,020,Budapest 20. kerület,01,Grundtner,93
Fopolgarmester,01,020,Budapest 20. kerület,01,Szentkiralyi,0
Fopolgarmester,01,020,Budapest 20. kerület,02,Vitezy,764
Fopolgarmester,01,020,Budapest 20. kerület,02,Karacsony,662
Fopolgarmester,01,020,Budapest 20. kerület,02,Grundtner,99
Fopolgarmester,01,020,Budapest 20. kerület,02,Szentkiralyi,0
Fopolgarmester,01,020,Budapest 20. kerület,03,Vitezy,524
Fopolgarmester,01,020,Budapest 20. kerület,03,Karacsony,462
Fopolgarmester,01,020,Budapest 20. kerület,03,Grundtner,100
Fopolgarmester,01,020,Budapest 20. kerület,03,Szentkiralyi,0
Fopolgarmester,01,020,Budapest 20. kerület,04,Vitezy,141
Fopolgarmester,01,020,Budapest 20. kerület,04,Karacsony,140
Fopolgarmester,01,020,Budapest 20. kerület,04,Grundtner,24
Fopolgarmester,01,020,Budapest 20. kerület,04,Szentkiralyi,0
Fopolgarmester,01,020,Budapest 20. kerület,05,Vitezy,223
Fopolgarmester,01,020,Budapest 20. kerület,05,Karacsony,154
Fopolgarmester,01,020,Budapest 20. kerület,05,Grundtner,33
Fopolgarmester,01,020,Budapest 20. kerület,05,Szentkiralyi,0
Fopolgarmester,01,020,Budapest 20. kerület,06,Vitezy,446
Fopolgarmester,01,020,Budapest 20. kerület,06,Karacsony,362
Fopolgarmester,01,020,Budapest 20. kerület,06,Grundtner,51
Fopolgarmester,01,020,Budapest 20. kerület,06,Szentkiralyi,0
Fopolgarmester,01,020,Budapest 20. kerület,07,Vitezy,799
Fopolgarmester,01,020,Budapest 20. kerület,07,Karacsony,753
Fopolgarmester,01,020,Budapest 20. kerület,07,Grundtner,112
Fopolgarmester,01,020,Budapest 20. kerület,07,Szentkiralyi,0
Fopolgarmester,01,020,Budapest 20. kerület,08,Vitezy,241
Fopolgarmester,01,020,Budapest 20. kerület,08,Karacsony,177
Fopolgarmester,01,020,Budapest 20. kerület,08,Grundtner,27
Fopolgarmester,01,020,Budapest 20. kerület,08,Szentkiralyi,0
Fopolgarmester,01,020,Budapest 20. kerület,09,Vitezy,793
Fopolgarmester,01,020,Budapest 20. kerület,09,Karacsony,679
Fopolgarmester,01,020,Budapest 20. kerület,09,Grundtner,114
Fopolgarmester,01,020,Budapest 20. kerület,09,Szentkiralyi,0
Fopolgarmester,01,020,Budapest 20. kerület,10,Karacsony,644
Fopolgarmester,01,020,Budapest 20. kerület,10,Vitezy,635
Fopolgarmester,01,020,Budapest 20. kerület,10,Grundtner,91
Fopolgarmester,01,020,Budapest 20. kerület,10,Szentkiralyi,0
Fopolgarmester,01,020,Budapest 20. kerület,11,Vitezy,577
Fopolgarmester,01,020,Budapest 20. kerület,11,Karacsony,505
Fopolgarmester,01,020,Budapest 20. kerület,11,Grundtner,95
Fopolgarmester,01,020,Budapest 20. kerület,11,Szentkiralyi,0
Fopolgarmester,01,020,Budapest 20. kerület,12,Vitezy,1187
Fopolgarmester,01,020,Budapest 20. kerület,12,Karacsony,877
Fopolgarmester,01,020,Budapest 20. kerület,12,Grundtner,138
Fopolgarmester,01,020,Budapest 20. kerület,12,Szentkiralyi,0
Fopolgarmester,01,021,Budapest 21. kerület,01,Grundtner,0
Fopolgarmester,01,021,Budapest 21. kerület,01,Vitezy,0
Fopolgarmester,01,021,Budapest 21. kerület,01,Szentkiralyi,0
Fopolgarmester,01,021,Budapest 21. kerület,01,Karacsony,0
Fopolgarmester,01,021,Budapest 21. kerület,02,Grundtner,0
Fopolgarmester,01,021,Budapest 21. kerület,02,Vitezy,0
Fopolgarmester,01,021,Budapest 21. kerület,02,Szentkiralyi,0
Fopolgarmester,01,021,Budapest 21. kerület,02,Karacsony,0
Fopolgarmester,01,021,Budapest 21. kerület,03,Karacsony,532
Fopolgarmester,01,021,Budapest 21. kerület,03,Vitezy,479
Fopolgarmester,01,021,Budapest 21. kerület,03,Grundtner,48
Fopolgarmester,01,021,Budapest 21. kerület,03,Szentkiralyi,0
Fopolgarmester,01,021,Budapest 21. kerület,04,Vitezy,239
Fopolgarmester,01,021,Budapest 21. kerület,04,Karacsony,194
Fopolgarmester,01,021,Budapest 21. kerület,04,Grundtner,37
Fopolgarmester,01,021,Budapest 21. kerület,04,Szentkiralyi,0
Fopolgarmester,01,021,Budapest 21. kerület,05,Vitezy,1004
Fopolgarmester,01,021,Budapest 21. kerület,05,Karacsony,837
Fopolgarmester,01,021,Budapest 21. kerület,05,Grundtner,140
Fopolgarmester,01,021,Budapest 21. kerület,05,Szentkiralyi,0
Fopolgarmester,01,021,Budapest 21. kerület,06,Grundtner,0
Fopolgarmester,01,021,Budapest 21. kerület,06,Vitezy,0
Fopolgarmester,01,021,Budapest 21. kerület,06,Szentkiralyi,0
Fopolgarmester,01,021,Budapest 21. kerület,06,Karacsony,0
Fopolgarmester,01,021,Budapest 21. kerület,07,Vitezy,563
Fopolgarmester,01,021,Budapest 21. kerület,07,Karacsony,521
Fopolgarmester,01,021,Budapest 21. kerület,07,Grundtner,67
Fopolgarmester,01,021,Budapest 21. kerület,07,Szentkiralyi,0
Fopolgarmester,01,021,Budapest 21. kerület,08,Grundtner,0
Fopolgarmester,01,021,Budapest 21. kerület,08,Vitezy,0
Fopolgarmester,01,021,Budapest 21. kerület,08,Szentkiralyi,0
Fopolgarmester,01,021,Budapest 21. kerület,08,Karacsony,0
Fopolgarmester,01,021,Budapest 21. kerület,09,Vitezy,358
Fopolgarmester,01,021,Budapest 21. kerület,09,Karacsony,313
Fopolgarmester,01,021,Budapest 21. kerület,09,Grundtner,37
Fopolgarmester,01,021,Budapest 21. kerület,09,Szentkiralyi,0
Fopolgarmester,01,021,Budapest 21. kerület,10,Vitezy,301
Fopolgarmester,01,021,Budapest 21. kerület,10,Karacsony,272
Fopolgarmester,01,021,Budapest 21. kerület,10,Grundtner,32
Fopolgarmester,01,021,Budapest 21. kerület,10,Szentkiralyi,0
Fopolgarmester,01,021,Budapest 21. kerület,11,Vitezy,332
Fopolgarmester,01,021,Budapest 21. kerület,11,Karacsony,258
Fopolgarmester,01,021,Budapest 21. kerület,11,Grundtner,46
Fopolgarmester,01,021,Budapest 21. kerület,11,Szentkiralyi,0
Fopolgarmester,01,021,Budapest 21. kerület,12,Vitezy,715
Fopolgarmester,01,021,Budapest 21. kerület,12,Karacsony,527
Fopolgarmester,01,021,Budapest 21. kerület,12,Grundtner,114
Fopolgarmester,01,021,Budapest 21. kerület,12,Szentkiralyi,0
Fopolgarmester,01,022,Budapest 22. kerület,01,Vitezy,1222
Fopolgarmester,01,022,Budapest 22. kerület,01,Karacsony,1057
Fopolgarmester,01,022,Budapest 22. kerület,01,Grundtner,75
Fopolgarmester,01,022,Budapest 22. kerület,01,Szentkiralyi,0
Fopolgarmester,01,022,Budapest 22. kerület,02,Vitezy,996
Fopolgarmester,01,022,Budapest 22. kerület,02,Karacsony,937
Fopolgarmester,01,022,Budapest 22. kerület,02,Grundtner,94
Fopolgarmester,01,022,Budapest 22. kerület,02,Szentkiralyi,0
Fopolgarmester,01,022,Budapest 22. kerület,03,Vitezy,827
Fopolgarmester,01,022,Budapest 22. kerület,03,Karacsony,793
Fopolgarmester,01,022,Budapest 22. kerület,03,Grundtner,132
Fopolgarmester,01,022,Budapest 22. kerület,03,Szentkiralyi,0
Fopolgarmester,01,022,Budapest 22. kerület,04,Vitezy,1124
Fopolgarmester,01,022,Budapest 22. kerület,04,Karacsony,995
Fopolgarmester,01,022,Budapest 22. kerület,04,Grundtner,122
Fopolgarmester,01,022,Budapest 22. kerület,04,Szentkiralyi,0
Fopolgarmester,01,022,Budapest 22. kerület,05,Karacsony,248
Fopolgarmester,01,022,Budapest 22. kerület,05,Vitezy,239
Fopolgarmester,01,022,Budapest 22. kerület,05,Grundtner,27
Fopolgarmester,01,022,Budapest 22. kerület,05,Szentkiralyi,0
Fopolgarmester,01,022,Budapest 22. kerület,06,Karacsony,352
Fopolgarmester,01,022,Budapest 22. kerület,06,Vitezy,343
Fopolgarmester,01,022,Budapest 22. kerület,06,Grundtner,37
Fopolgarmester,01,022,Budapest 22. kerület,06,Szentkiralyi,0
Fopolgarmester,01,022,Budapest 22. kerület,07,Karacsony,404
Fopolgarmester,01,022,Budapest 22. kerület,07,Vitezy,382
Fopolgarmester,01,022,Budapest 22. kerület,07,Grundtner,47
Fopolgarmester,01,022,Budapest 22. kerület,07,Szentkiralyi,0
Fopolgarmester,01,022,Budapest 22. kerület,08,Vitezy,700
Fopolgarmester,01,022,Budapest 22. kerület,08,Karacsony,521
Fopolgarmester,01,022,Budapest 22. kerület,08,Grundtner,100
Fopolgarmester,01,022,Budapest 22. kerület,08,Szentkiralyi,0
Fopolgarmester,01,022,Budapest 22. kerület,09,Vitezy,775
Fopolgarmester,01,022,Budapest 22. kerület,09,Karacsony,618
Fopolgarmester,01,022,Budapest 22. kerület,09,Grundtner,116
Fopolgarmester,01,022,Budapest 22. kerület,09,Szentkiralyi,0
Fopolgarmester,01,022,Budapest 22. kerület,10,Vitezy,1187
Fopolgarmester,01,022,Budapest 22. kerület,10,Karacsony,1085
Fopolgarmester,01,022,Budapest 22. kerület,10,Grundtner,106
Fopolgarmester,01,022,Budapest 22. kerület,10,Szentkiralyi,0
Fopolgarmester,01,022,Budapest 22. kerület,11,Vitezy,785
Fopolgarmester,01,022,Budapest 22. kerület,11,Karacsony,687
Fopolgarmester,01,022,Budapest 22. kerület,11,Grundtner,118
Fopolgarmester,01,022,Budapest 22. kerület,11,Szentkiralyi,0
Fopolgarmester,01,022,Budapest 22. kerület,12,Vitezy,932
Fopolgarmester,01,022,Budapest 22. kerület,12,Karacsony,762
Fopolgarmester,01,022,Budapest 22. kerület,12,Grundtner,92
Fopolgarmester,01,022,Budapest 22. kerület,12,Szentkiralyi,0
Fopolgarmester,01,023,Budapest 23. kerület,01,Vitezy,192
Fopolgarmester,01,023,Budapest 23. kerület,01,Karacsony,138
Fopolgarmester,01,023,Budapest 23. kerület,01,Grundtner,22
Fopolgarmester,01,023,Budapest 23. kerület,01,Szentkiralyi,0
Fopolgarmester,01,023,Budapest 23. kerület,02,Karacsony,426
Fopolgarmester,01,023,Budapest 23. kerület,02,Vitezy,396
Fopolgarmester,01,023,Budapest 23. kerület,02,Grundtner,69
Fopolgarmester,01,023,Budapest 23. kerület,02,Szentkiralyi,0
Fopolgarmester,01,023,Budapest 23. kerület,03,Vitezy,383
Fopolgarmester,01,023,Budapest 23. kerület,03,Karacsony,266
Fopolgarmester,01,023,Budapest 23. kerület,03,Grundtner,60
Fopolgarmester,01,023,Budapest 23. kerület,03,Szentkiralyi,0
Fopolgarmester,01,023,Budapest 23. kerület,04,Vitezy,250
Fopolgarmester,01,023,Budapest 23. kerület,04,Karacsony,174
Fopolgarmester,01,023,Budapest 23. kerület,04,Grundtner,38
Fopolgarmester,01,023,Budapest 23. kerület,04,Szentkiralyi,0
Fopolgarmester,01,023,Budapest 23. kerület,05,Vitezy,191
Fopolgarmester,01,023,Budapest 23. kerület,05,Karacsony,188
Fopolgarmester,01,023,Budapest 23. kerület,05,Grundtner,31
Fopolgarmester,01,023,Budapest 23. kerület,05,Szentkiralyi,0
Fopolgarmester,01,023,Budapest 23. kerület,06,Grundtner,0
Fopolgarmester,01,023,Budapest 23. kerület,06,Vitezy,0
Fopolgarmester,01,023,Budapest 23. kerület,06,Szentkiralyi,0
Fopolgarmester,01,023,Budapest 23. kerület,06,Karacsony,0
Fopolgarmester,01,023,Budapest 23. kerület,07,Grundtner,0
Fopolgarmester,01,023,Budapest 23. kerület,07,Vitezy,0
Fopolgarmester,01,023,Budapest 23. kerület,07,Szentkiralyi,0
Fopolgarmester,01,023,Budapest 23. kerület,07,Karacsony,0
Fopolgarmester,01,023,Budapest 23. kerület,08,Vitezy,521
Fopolgarmester,01,023,Budapest 23. kerület,08,Karacsony,433
Fopolgarmester,01,023,Budapest 23. kerület,08,Grundtner,82
Fopolgarmester,01,023,Budapest 23. kerület,08,Szentkiralyi,0
